COURSE CODE2,COURSE TITLE,HEI,CATEGORY (i.e.ISCED description),R1 POINTS
AC120,International Business,American College,Business and administration,209
AC137,Liberal Arts,American College,Humanities (except languages),252
AD101,"First Year Art & Design (Common Entry,portfolio)",National College of Art and Design,Arts,#+matric
AD102,Graphic Design and Moving Image Design (portfolio),National College of Art and Design,Arts,#+matric
AD103,Textile & Surface Design and Jewellery & Objects (portfolio),National College of Art and Design,Arts,#+matric
AD202,"Education & Design or Fine Art (Second Level Teaching,portfolio))",National College of Art and Design,Education,#+matric
AD204,Fine Art (portfolio),National College of Art and Design,Arts,#+matric
AD211,Fashion Design (portfolio),National College of Art and Design,Arts,#+matric
AD212,Product Design (portfolio),National College of Art and Design,Arts,#+matric
AD215,Visual Culture,National College of Art and Design,Arts,377
AD217,Illustration (portfolio),National College of Art and Design,Arts,#+matric
AD222,Interaction Design (portfolio),National College of Art and Design,Information and Communication Technologies (ICTs),#+matric
AL801,Software Design with Virtual Reality and Gaming,Athlone Institute of Technology,Information and Communication Technologies (ICTs),303
AL802,Software Design with Artificial Intelligence for Cloud Computing,Athlone Institute of Technology,Information and Communication Technologies (ICTs),332
AL803,Software Design with Mobile Apps and Connected Devices,Athlone Institute of Technology,Information and Communication Technologies (ICTs),337
AL805,Computer Engineering with Network Infrastructure,Athlone Institute of Technology,Information and Communication Technologies (ICTs),333
AL810,Quantity Surveying,Athlone Institute of Technology,Architecture and construction,319
AL811,Civil Engineering,Athlone Institute of Technology,Architecture and construction,320
AL820,Mechanical and Polymer Engineering,Athlone Institute of Technology,Manufacturing and processing,308
AL830,General Nursing,Athlone Institute of Technology,Health,442
AL832,Psychiatric Nursing,Athlone Institute of Technology,Health,387
AL836,Nutrition and Health Science,Athlone Institute of Technology,Health,334
AL837,Sports Science with Exercise Physiology,Athlone Institute of Technology,Personal services,351
AL838,Biotechnology,Athlone Institute of Technology,Biological and related sciences,307
AL839,Microbiology,Athlone Institute of Technology,Biological and related sciences,325
AL840,Pharmaceutical Sciences,Athlone Institute of Technology,Physical sciences,347
AL841,Athletic and Rehabilitation Therapy,Athlone Institute of Technology,Health,430
AL842,Bioveterinary Science,Athlone Institute of Technology,Biological and related sciences,313
AL843,Physical Activity and Health Science,Athlone Institute of Technology,Health,306
AL850,Business,Athlone Institute of Technology,Business and administration,309
AL851,Business and Law,Athlone Institute of Technology,Law,295
AL852,Accounting,Athlone Institute of Technology,Business and administration,309
AL854,Sport Management (with international placement),Athlone Institute of Technology,Personal services,302
AL855,Hospitality Management (with international placement),Athlone Institute of Technology,Personal services,308
AL857,Digital Marketing,Athlone Institute of Technology,Business and administration,304
AL860,Social Care Practice,Athlone Institute of Technology,Welfare,300
AL861,Animation and Illustration (portfolio),Athlone Institute of Technology,Arts,578
AL863,Graphic and Digital Design (portfolio),Athlone Institute of Technology,Arts,781
AL864,Early Years Care and Education,Athlone Institute of Technology,Welfare,307
AL870,Applied Psychology,Athlone Institute of Technology,Social and behavioural sciences,418
AS001,"Education, Home Economics and Biology - with concurrent Teacher Ed",St. Angela`s College,Education,510
AS002,"Education, Home Economics and Religious Ed - with concurrent Teacher Ed",St. Angela`s College,Education,441
AS003,"Education, Home Economics and Irish - with concurrent Teacher Ed",St. Angela`s College,Education,440
AS051,"Nutrition, Food and Business Management",St. Angela`s College,Business and administration,328
AS054,Home Economics,St. Angela`s College,Biological and related sciences,408
AS110,General Nursing,St. Angela`s College,Health,419
AS130,Intellectual Disability Nursing,St. Angela`s College,Health,336
CI110,Counselling and Psychotherapy,Irish College of Humanities & Applied Sciences,Welfare,310
CI111,Counselling and Addiction Studies,Irish College of Humanities & Applied Sciences,Welfare,301
CI112,Counselling and Youth Studies,Irish College of Humanities & Applied Sciences,Welfare,311
CK101,Arts - 3 years,University College Cork (NUI),Arts,300
CK102,Social Science,University College Cork (NUI),Social and behavioural sciences,412
CK104,Arts with Music - 3 or 4 years (BMus or Chinese/European/Int`l Pathway),University College Cork (NUI),Arts,302
CK105,Film and Screen Media - 3 years or 4 years (International Pathway),University College Cork (NUI),Arts,368
CK107,Geographical and Archaeological Sciences - 3 or 4 years (Int`l Pathway),University College Cork (NUI),Humanities (except languages),328
CK108,Arts International - 4 years,University College Cork (NUI),Languages,401
CK109,English - 3 years or 4 years (International Pathway),University College Cork (NUI),Languages,318
CK110,World Languages,University College Cork (NUI),Languages,452
CK111,Early Years and Childhood Studies,University College Cork (NUI),Welfare,419
CK112,Theatre and Performative Practices - 3 or 4 years (Int`l Pathway),University College Cork (NUI),Arts,330
CK113,Criminology - 3 years or 4 years (International Pathway),University College Cork (NUI),Social and behavioural sciences,423
CK118,Digital Humanities and IT - 3 or 4 years (Work Exper. or Int`l Pathway),University College Cork (NUI),Arts,336
CK120,Applied Psychology,University College Cork (NUI),Social and behavioural sciences,533
CK121,Psychology and Computing - 3 or 4 years (Work Experience Pathway),University College Cork (NUI),Social and behavioural sciences,466
CK122,Government and Political Science,University College Cork (NUI),Social and behavioural sciences,337
CK123,Anthropology,University College Cork (NUI),Humanities (except languages),308
CK124,Education - Gaeilge,University College Cork (NUI),Education,463
CK125,Sports Studies and Physical Education,University College Cork (NUI),Education,510
CK201,Commerce,University College Cork (NUI),Business and administration,477
CK202,Accounting,University College Cork (NUI),Business and administration,509
CK203,Business Information Systems,University College Cork (NUI),Information and Communication Technologies (ICTs),430
CK204,Finance,University College Cork (NUI),Business and administration,556
CK205,Commerce (International) with French,University College Cork (NUI),Business and administration,445
CK206,Commerce (International) with German,University College Cork (NUI),Business and administration,420
CK207,Commerce (International) with Italian,University College Cork (NUI),Business and administration,388
CK208,Commerce (International) with Hispanic Studies,University College Cork (NUI),Business and administration,402
CK209,Commerce (International) with Irish,University College Cork (NUI),Business and administration,484
CK211,Commerce (International) with Chinese Studies,University College Cork (NUI),Business and administration,397
CK212,Economics (through Transformational Learning) 3 or 4 years Int`l Pathway,University College Cork (NUI),Social and behavioural sciences,444
CK213,Food Marketing and Entrepreneurship,University College Cork (NUI),Business and administration,462
CK214,International Development,University College Cork (NUI),Social and behavioural sciences,346
CK301,Law (Pathways) -  3 or 4 years,University College Cork (NUI),Law,507
CK302,Law and French,University College Cork (NUI),Law,542
CK304,Law and Irish,University College Cork (NUI),Law,540
CK307,Law and Business,University College Cork (NUI),Law,556
CK401,Computer Science,University College Cork (NUI),Information and Communication Technologies (ICTs),468
CK402,Biological and Chemical Sciences,University College Cork (NUI),Biological and related sciences,510
CK404,"Biological, Earth and Environmental Sciences",University College Cork (NUI),Biological and related sciences,467
CK405,Genetics,University College Cork (NUI),Biological and related sciences,487
CK406,Chemical Sciences,University College Cork (NUI),Physical sciences,485
CK407,Mathematical Sciences,University College Cork (NUI),Mathematics and statistics,566
CK408,Physics and Astrophysics,University College Cork (NUI),Physical sciences,554
CK409,Industrial Physics - Offered jointly by UCC and CIT,University College Cork (NUI),Physical sciences,432
CK411,Data Science and Analytics,University College Cork (NUI),Information and Communication Technologies (ICTs),510
CK412,Agricultural Science,University College Cork (NUI),Agriculture,496
CK504,Nutritional Sciences,University College Cork (NUI),Biological and related sciences,518
CK505,Food Science,University College Cork (NUI),Manufacturing and processing,441
CK600,Engineering,University College Cork (NUI),Engineering and engineering trades,487
CK606,Architecture - Offered jointly by UCC and CIT,University College Cork (NUI),Architecture and construction,484
CK701,Medicine (Undergraduate Entry - HPAT required),University College Cork (NUI),Health,731
CK702,Dentistry,University College Cork (NUI),Health,613
CK703,Pharmacy,University College Cork (NUI),Health,590
CK704,Occupational Therapy,University College Cork (NUI),Health,566
CK705,Speech and Language Therapy,University College Cork (NUI),Health,520
CK706,Public Health Sciences,University College Cork (NUI),Health,454
CK707,Medical and Health Sciences,University College Cork (NUI),Health,542
CK710,General Nursing,University College Cork (NUI),Health,454
CK712,Children`s and General Nursing (Integrated),University College Cork (NUI),Health,533
CK720,Mental Health Nursing,University College Cork (NUI),Health,423
CK730,Intellectual Disability Nursing,University College Cork (NUI),Health,419
CK740,Midwifery,University College Cork (NUI),Health,484
CK791,Medicine  - Graduate Entry (GAMSAT required),University College Cork (NUI),Health,57
CM001,Education - Primary Teaching,Marino Institute of Education,Education,484
CM003,Oideachas - Bunmhúinteoireacht Trí Mheán na Gaeilge – Gaeltacht,Marino Institute of Education,Education,528
CM004,Oideachas - Bunmhúinteoireacht Trí Mheán na Gaeilge – Gaeltacht,Marino Institute of Education,Education,494
CM010,Education Studies,Marino Institute of Education,Education,319
CM020,Early Childhood Education,Marino Institute of Education,Education,327
CR105,Chemical and Biopharmaceutical Engineering,Cork Institute of Technology,Engineering and engineering trades,443
CR106,Software Development,Cork Institute of Technology,Information and Communication Technologies (ICTs),411
CR108,Mechanical Engineering,Cork Institute of Technology,Engineering and engineering trades,434
CR109,Structural Engineering,Cork Institute of Technology,Architecture and construction,394
CR110,Automotive Business Management and Technology,Cork Institute of Technology,Transport services,311
CR112,Creative Digital Media,Cork Institute of Technology,Arts,361
CR116,Computer Systems,Cork Institute of Technology,Information and Communication Technologies (ICTs),332
CR121,Music at CIT Cork School of Music,Cork Institute of Technology,Arts,868
CR125,Popular Music: Electric Bass Guitar at CIT Cork School of Music,Cork Institute of Technology,Arts,1088
CR126,Popular Music: Drums at CIT Cork School of Music,Cork Institute of Technology,Arts,801
CR127,Popular Music: Electric Guitar at CIT Cork School of Music,Cork Institute of Technology,Arts,838
CR128,Popular Music: Keyboards at CIT Cork School of Music,Cork Institute of Technology,Arts,840
CR129,Popular Music: Voice at CIT Cork School of Music,Cork Institute of Technology,Arts,841
CR130,Musical Theatre at CIT Cork School of Music,Cork Institute of Technology,Arts,548
CR150,Business Information Systems,Cork Institute of Technology,Business and administration,335
CR210,"Contemporary Applied Art (Ceramics, Glass, Textiles) at CIT Crawford",Cork Institute of Technology,Arts,#+matric
CR220,Fine Art at CIT Crawford College of Art and Design,Cork Institute of Technology,Arts,#+matric
CR225,Photography with New Media,Cork Institute of Technology,Arts,#+matric
CR305,Physical Sciences (Common Entry),Cork Institute of Technology,Physical sciences,282
CR310,IT Management,Cork Institute of Technology,Information and Communication Technologies (ICTs),297
CR320,Biomedical Science - Offered jointly by CIT and UCC,Cork Institute of Technology,Biological and related sciences,565
CR325,Pharmaceutical Biotechnology,Cork Institute of Technology,Biological and related sciences,398
CR333,Nutrition and Health Science,Cork Institute of Technology,Health,402
CR335,Biological Sciences (Common Entry),Cork Institute of Technology,Biological and related sciences,420
CR340,Analytical Chemistry with Quality Assurance,Cork Institute of Technology,Physical sciences,251
CR360,Instrument Engineering,Cork Institute of Technology,Physical sciences,261
CR365,Environmental Science and Sustainable Technology,Cork Institute of Technology,Environment,253
CR370,Agri-Biosciences,Cork Institute of Technology,"Interdisciplinary programmes and qualifications involving agriculture, forestry and veterinary",397
CR400,Accounting,Cork Institute of Technology,Business and administration,316
CR420,Marketing,Cork Institute of Technology,Business and administration,285
CR425,International Business with Language,Cork Institute of Technology,Business and administration,298
CR430,Sport and Exercise Management,Cork Institute of Technology,Personal services,322
CR440,Montessori Education,Cork Institute of Technology,Education,288
CR500,Engineering (Common Entry),Cork Institute of Technology,Engineering and engineering trades,411
CR510,Sustainable Energy Engineering,Cork Institute of Technology,Environment,320
CR520,Biomedical Engineering,Cork Institute of Technology,Health,444
CR560,Architectural Technology,Cork Institute of Technology,Architecture and construction,308
CR565,Interior Architecture,Cork Institute of Technology,Architecture and construction,359
CR570,Quantity Surveying,Cork Institute of Technology,Architecture and construction,336
CR572,Construction Management,Cork Institute of Technology,Architecture and construction,269
CR580,Electrical Engineering,Cork Institute of Technology,Engineering and engineering trades,318
CR590,Electronic Engineering,Cork Institute of Technology,Engineering and engineering trades,303
CR600,Visual Communications,Cork Institute of Technology,Arts,#+matric
CR660,Tourism Management,Cork Institute of Technology,Personal services,252
CR700,Theatre and Drama Studies at CIT Cork School of Music,Cork Institute of Technology,Arts,740
CT125,Information Technology,CCT College Dublin,Information and Communication Technologies (ICTs),220
CT325,Business,CCT College Dublin,Business and administration,338
CW018,Business (options),"Institute of Technology, Carlow",Business and administration,298
CW028,Early Childhood Education and Care,"Institute of Technology, Carlow",Welfare,252
CW038,Art (portfolio),"Institute of Technology, Carlow",Arts,700
CW058,Tourism and Event Management,"Institute of Technology, Carlow",Personal services,298
CW068,Applied Social Studies in Professional Social Care,"Institute of Technology, Carlow",Welfare,245
CW078,Sustainable Farm Management and Agribusiness,"Institute of Technology, Carlow",Agriculture,269
CW088,Visual Communications and Design,"Institute of Technology, Carlow",Arts,274
CW108,Science (options),"Institute of Technology, Carlow",Biological and related sciences,261
CW128,Brewing and Distilling,"Institute of Technology, Carlow",Biological and related sciences,263
CW138,Sport and Exercise Science,"Institute of Technology, Carlow",Personal services,423
CW148,Strength and Conditioning,"Institute of Technology, Carlow",Personal services,379
CW188,Sport Rehabilitation and Athletic Therapy,"Institute of Technology, Carlow",Health,451
CW208,Computer Games Development,"Institute of Technology, Carlow",Information and Communication Technologies (ICTs),279
CW238,Software Development,"Institute of Technology, Carlow",Information and Communication Technologies (ICTs),297
CW248,Information Technology Management,"Institute of Technology, Carlow",Information and Communication Technologies (ICTs),285
CW258,Cybercrime and IT Security,"Institute of Technology, Carlow",Information and Communication Technologies (ICTs),293
CW268,Computing in Interactive Digital Art and Design,"Institute of Technology, Carlow",Information and Communication Technologies (ICTs),287
CW438,Construction (options),"Institute of Technology, Carlow",Architecture and construction,272
CW468,Architectural Technology,"Institute of Technology, Carlow",Architecture and construction,262
CW478,Civil Engineering,"Institute of Technology, Carlow",Architecture and construction,433
CW548,Mechanical Engineering,"Institute of Technology, Carlow",Engineering and engineering trades,321
CW558,Electronic Systems,"Institute of Technology, Carlow",Engineering and engineering trades,280
CW568,Aerospace Engineering,"Institute of Technology, Carlow",Engineering and engineering trades,380
CW578,TV and Media Production,"Institute of Technology, Carlow",Arts,325
CW708,Law - LLB,"Institute of Technology, Carlow",Law,302
CW728,Product Design Innovation,"Institute of Technology, Carlow",Arts,252
CW748,Early Childhood Education and Care,"Institute of Technology, Carlow",Welfare,270
CW758,Professional Social Care Practice,"Institute of Technology, Carlow",Welfare,336
CW808,Media and Public Relations,"Institute of Technology, Carlow",Business and administration,251
CW848,Digital Marketing with Analytics,"Institute of Technology, Carlow",Information and Communication Technologies (ICTs),254
CW858,"Sports Management and Coaching (options, portfolio)","Institute of Technology, Carlow",Personal services,700
CW908,Business (options),"Institute of Technology, Carlow",Business and administration,280
CW938,Business with Law,"Institute of Technology, Carlow",Business and administration,283
CW948,Accounting,"Institute of Technology, Carlow",Business and administration,300
DB500,Computing,Dublin Business School,Information and Communication Technologies (ICTs),218
DB501,Computing (Cloud Computing),Dublin Business School,Information and Communication Technologies (ICTs),227
DB502,Computing (Data Analytics and Big Data),Dublin Business School,Information and Communication Technologies (ICTs),341
DB503,Computing (Software Development),Dublin Business School,Information and Communication Technologies (ICTs),225
DB510,Audio Production and Music Project Management,Dublin Business School,Arts,234
DB512,Business Studies,Dublin Business School,Business and administration,218
DB514,Business Studies (Law),Dublin Business School,Business and administration,252
DB515,Business Studies (Human Resource Management),Dublin Business School,Business and administration,244
DB517,Marketing (Event Management),Dublin Business School,Business and administration,238
DB521,Accounting and Finance,Dublin Business School,Business and administration,225
DB524,Business (Information Systems),Dublin Business School,Information and Communication Technologies (ICTs),342
DB526,Business (Cloud Computing),Dublin Business School,Information and Communication Technologies (ICTs),347
DB527,Applied Social Care,Dublin Business School,Social and behavioural sciences,234
DB531,Marketing,Dublin Business School,Business and administration,293
DB562,Psychology,Dublin Business School,Social and behavioural sciences,243
DB566,Social Science,Dublin Business School,Social and behavioural sciences,220
DB567,Film and Creative Media,Dublin Business School,Arts,218
DB568,Law,Dublin Business School,Law,219
DB569,Business (Psychology),Dublin Business School,Business and administration,252
DC001,Education - Early Childhood Education,Dublin City University,Education,440
DC002,Education - Primary Teaching,Dublin City University,Education,488
DC003,Education - Primary Teaching - Gaeltacht Applicants,Dublin City University,Education,445
DC004,Education - Primary Teaching (Church of Ireland Centre formerly CICE),Dublin City University,Education,411
DC009,Arts (Joint Honours) - Humanities,Dublin City University,Arts,376
DC010,Post Primary Teacher Education - Religious Education and English,Dublin City University,Education,441
DC011,Post Primary Teacher Education - Religious Education and History,Dublin City University,Education,412
DC012,Post Primary Teacher Education - Religious Education and Music,Dublin City University,Education,378
DC013,Post Primary Teacher Ed - Gaeilge with French/German/Spanish,Dublin City University,Education,419
DC014,BA in Jazz and Contemporary Music Performance (audition),Dublin City University,Arts,419
DC110,Business Studies International,Dublin City University,Languages,465
DC111,Business Studies,Dublin City University,Business and administration,488
DC112,Global Business (France),Dublin City University,Business and administration,517
DC113,Global Business (Germany),Dublin City University,Business and administration,462
DC114,Global Business (Spain),Dublin City University,Business and administration,522
DC115,Accounting and Finance,Dublin City University,Business and administration,510
DC116,Global Business (USA),Dublin City University,Business and administration,579
DC117,Aviation Management / Aviation Management with Pilot Studies,Dublin City University,Engineering and engineering trades,476
DC118,Gnó agus Gaeilge / Business and Irish,Dublin City University,Business and administration,359
DC119,Global Business (Canada),Dublin City University,Business and administration,564
DC120,Enterprise Computing,Dublin City University,Information and Communication Technologies (ICTs),357
DC121,Computer Applications,Dublin City University,Information and Communication Technologies (ICTs),400
DC123,Data Science,Dublin City University,Information and Communication Technologies (ICTs),465
DC126,Actuarial Mathematics,Dublin City University,Mathematics and statistics,560
DC127,Common Entry into Actuarial and Financial Mathematics,Dublin City University,Mathematics and statistics,532
DC131,Communication Studies,Dublin City University,Humanities (except languages),407
DC132,Journalism,Dublin City University,Journalism and information,429
DC133,Multimedia,Dublin City University,Arts,411
DC155,Applied Language and Translation Studies,Dublin City University,Languages,387
DC161,Analytical Science,Dublin City University,Physical sciences,498
DC162,Chemical and Pharmaceutical Sciences,Dublin City University,Physical sciences,521
DC166,Environmental Science and Technology,Dublin City University,Environment,433
DC168,Genetics and Cell Biology,Dublin City University,Biological and related sciences,512
DC175,Physics General Entry (options),Dublin City University,Physical sciences,419
DC181,Biotechnology,Dublin City University,Biological and related sciences,499
DC190,Electronic and Computer Engineering (with choice of four majors),Dublin City University,Engineering and engineering trades,413
DC193,Mechatronic Engineering,Dublin City University,Engineering and engineering trades,411
DC195,Mechanical and Manufacturing Engineering,Dublin City University,Engineering and engineering trades,425
DC197,Biomedical Engineering,Dublin City University,Health,423
DC200,Common Entry into Engineering (Undenominated Entry),Dublin City University,Engineering and engineering trades,422
DC201,Common Entry into Science (Undenominated Entry),Dublin City University,Biological and related sciences,498
DC202,Sport Science and Health,Dublin City University,Health,500
DC203,Science Education,Dublin City University,Education,435
DC204,Athletic Therapy and Training,Dublin City University,Health,522
DC205,Physical Education with Biology,Dublin City University,Education,531
DC206,Physical Education with Mathematics,Dublin City University,Education,499
DC208,Psychology,Dublin City University,Social and behavioural sciences,532
DC209,Health and Society,Dublin City University,Health,465
DC215,General Nursing,Dublin City University,Health,454
DC216,Mental Health Nursing,Dublin City University,Health,418
DC217,Intellectual Disability Nursing,Dublin City University,Health,370
DC218,Children`s and General Nursing (Integrated),Dublin City University,Health,500
DC230,"Economics, Politics and Law",Dublin City University,Social and behavioural sciences,435
DC231,International Relations,Dublin City University,Social and behavioural sciences,397
DC232,Law and Society (BCL),Dublin City University,Law,466
DC235,Education and Training - Daytime and Flexible Delivery Mode (full-time),Dublin City University,Education,309
DC238,Social Sciences and Cultural Innovation,Dublin City University,Humanities (except languages),377
DC239,"Gaeilge, Iriseoireacht agus na Meáin Dhigiteacha",Dublin City University,Journalism and information,430
DC240,"Marketing, Innovation and Technology",Dublin City University,Business and administration,476
DC291,Arts (Joint Honours) - Media Studies,Dublin City University,Arts,376
DC292,Arts (Joint Honours) - Law,Dublin City University,Arts,403
DC293,Arts (Joint Honours) - International Languages,Dublin City University,Arts,377
DC295,Arts (Joint Honours) - Politics,Dublin City University,Arts,376
DK810,Accounting and Finance,Dundalk Institute of Technology,Business and administration,305
DK816,Business Studies,Dundalk Institute of Technology,Business and administration,300
DK820,Computing in Games Development,Dundalk Institute of Technology,Information and Communication Technologies (ICTs),311
DK821,Computing in Software Development,Dundalk Institute of Technology,Information and Communication Technologies (ICTs),302
DK822,Augmented and Virtual Reality,Dundalk Institute of Technology,Information and Communication Technologies (ICTs),307
DK830,Building Surveying,Dundalk Institute of Technology,Architecture and construction,336
DK831,Architectural Technology,Dundalk Institute of Technology,Architecture and construction,389
DK832,Construction Management,Dundalk Institute of Technology,Architecture and construction,387
DK843,Engineering (Common Entry),Dundalk Institute of Technology,Engineering and engineering trades,340
DK844,Mechanical Engineering,Dundalk Institute of Technology,Engineering and engineering trades,305
DK845,Electrical & Electronic Engineering,Dundalk Institute of Technology,Engineering and engineering trades,304
DK846,Civil Engineering,Dundalk Institute of Technology,Architecture and construction,391
DK850,International Tourism Management,Dundalk Institute of Technology,Personal services,317
DK860,Music (audition),Dundalk Institute of Technology,Arts,532
DK861,Arts,Dundalk Institute of Technology,Social and behavioural sciences,302
DK862,Social Care,Dundalk Institute of Technology,Welfare,301
DK863,Creative Media,Dundalk Institute of Technology,Arts,308
DK864,Film and Television Production,Dundalk Institute of Technology,Arts,300
DK865,Audio and Music Production,Dundalk Institute of Technology,Arts,301
DK870,General Nursing,Dundalk Institute of Technology,Health,403
DK872,Intellectual Disability Nursing,Dundalk Institute of Technology,Health,336
DK874,Mental Health Nursing,Dundalk Institute of Technology,Health,356
DK876,Early Childhood Studies,Dundalk Institute of Technology,Welfare,321
DK877,Midwifery,Dundalk Institute of Technology,Health,440
DK880,Health and Physical Activity,Dundalk Institute of Technology,Health,328
DK882,Agriculture (Award options),Dundalk Institute of Technology,"Interdisciplinary programmes and qualifications involving agriculture, forestry and veterinary",310
DK883,Science (Award options),Dundalk Institute of Technology,"Interdisciplinary programmes and qualifications involving natural sciences, Mathematics and statistics",358
DK886,Biopharmaceutical Science,Dundalk Institute of Technology,Manufacturing and processing,301
DK887,Environmental Science,Dundalk Institute of Technology,Environment,330
DL821,"English, Media and Cultural Studies","Dun Laoghaire Institute of Art, Design and Technology",Humanities (except languages),212
DL822,Arts Management,"Dun Laoghaire Institute of Art, Design and Technology",Business and administration,229
DL823,Business Management,"Dun Laoghaire Institute of Art, Design and Technology",Business and administration,235
DL825,Applied Psychology,"Dun Laoghaire Institute of Art, Design and Technology",Social and behavioural sciences,379
DL826,Visual Communication Design,"Dun Laoghaire Institute of Art, Design and Technology",Arts,855
DL827,Art,"Dun Laoghaire Institute of Art, Design and Technology",Arts,572
DL828,"3D Design, Modelmaking and Digital Art","Dun Laoghaire Institute of Art, Design and Technology",Arts,506
DL829,Design for Stage and Screen (Costume Design),"Dun Laoghaire Institute of Art, Design and Technology",Arts,593
DL830,Design for Stage and Screen (Character Makeup Design),"Dun Laoghaire Institute of Art, Design and Technology",Arts,939
DL831,Design for Stage and Screen (Production Design),"Dun Laoghaire Institute of Art, Design and Technology",Arts,781
DL832,Animation,"Dun Laoghaire Institute of Art, Design and Technology",Arts,920
DL833,Photography,"Dun Laoghaire Institute of Art, Design and Technology",Arts,650
DL834,Film and Television Production,"Dun Laoghaire Institute of Art, Design and Technology",Arts,990
DL836,Creative Computing,"Dun Laoghaire Institute of Art, Design and Technology",Information and Communication Technologies (ICTs),219
DL837,New Media Studies,"Dun Laoghaire Institute of Art, Design and Technology",Humanities (except languages),201
DL838,Creative Music Production,"Dun Laoghaire Institute of Art, Design and Technology",Arts,754
DL839,Interaction and User Experience Design,"Dun Laoghaire Institute of Art, Design and Technology",Information and Communication Technologies (ICTs),683
DL840,Digital Marketing,"Dun Laoghaire Institute of Art, Design and Technology",Business and administration,228
DL841,English and Equality Studies,"Dun Laoghaire Institute of Art, Design and Technology",Arts,276
DN100,Architecture,University College Dublin (NUI),Architecture and construction,510
DN120,Landscape Architecture,University College Dublin (NUI),Architecture and construction,407
DN130,City Planning and Environmental Policy,University College Dublin (NUI),Architecture and construction,407
DN150,Engineering (Common Entry),University College Dublin (NUI),Engineering and engineering trades,531
DN200,Science (options),University College Dublin (NUI),"Interdisciplinary programmes and qualifications involving natural sciences, Mathematics and statistics",533
DN201,Computer Science (Common Entry),University College Dublin (NUI),Information and Communication Technologies (ICTs),510
DN230,Actuarial and Financial Studies,University College Dublin (NUI),Mathematics and statistics,601
DN240,Sustainability,University College Dublin (NUI),Environment,440
DN250,Agricultural Science (options),University College Dublin (NUI),"Interdisciplinary programmes and qualifications involving agriculture, forestry and veterinary",456
DN252,Dairy Business,University College Dublin (NUI),Agriculture,410
DN253,Agri - Environmental Sciences,University College Dublin (NUI),Environment,418
DN261,Food Science,University College Dublin (NUI),Agriculture,477
DN262,Human Nutrition,University College Dublin (NUI),Health,531
DN271,Forestry,University College Dublin (NUI),"Interdisciplinary programmes and qualifications involving agriculture, forestry and veterinary",311
DN272,"Horticulture, Landscape and Sportsturf Management",University College Dublin (NUI),Agriculture,297
DN300,Veterinary Medicine - Undergraduate Entry,University College Dublin (NUI),Veterinary,589
DN310,Veterinary Nursing,University College Dublin (NUI),Veterinary,478
DN400,Medicine - Undergraduate Entry (HPAT required),University College Dublin (NUI),Health,737
DN410,Radiography,University College Dublin (NUI),Health,534
DN420,Physiotherapy,University College Dublin (NUI),Health,578
DN425,Health and Performance Science,University College Dublin (NUI),Health,510
DN430,Sport and Exercise Management,University College Dublin (NUI),Business and administration,455
DN440,"Biomedical, Health and Life Sciences",University College Dublin (NUI),Biological and related sciences,590
DN450,General Nursing,University College Dublin (NUI),Health,429
DN451,Children`s and General Nursing (Integrated),University College Dublin (NUI),Health,509
DN452,Midwifery,University College Dublin (NUI),Health,489
DN453,Mental Health Nursing,University College Dublin (NUI),Health,397
DN520,Joint Honours (options),University College Dublin (NUI),Arts,310
DN530,Humanities (options),University College Dublin (NUI),Humanities (except languages),340
DN541,Modern Languages (options),University College Dublin (NUI),Languages,303
DN600,Law (options),University College Dublin (NUI),Law,546
DN610,Business and Law,University College Dublin (NUI),Business and administration,545
DN650,Commerce,University College Dublin (NUI),Business and administration,521
DN660,Commerce International (options),University College Dublin (NUI),Business and administration,517
DN670,Economics and Finance,University College Dublin (NUI),Business and administration,613
DN700,Social Sciences (options),University College Dublin (NUI),Social and behavioural sciences,421
DN710,Economics,University College Dublin (NUI),Social and behavioural sciences,498
DN720,Psychology,University College Dublin (NUI),Social and behavioural sciences,530
DN750,Social Policy and Sociology,University College Dublin (NUI),Social and behavioural sciences,378
GA181,Accounting,Galway-Mayo Institute of Technology,Business and administration,309
GA182,Business,Galway-Mayo Institute of Technology,Business and administration,287
GA183,Business Information Systems,Galway-Mayo Institute of Technology,Information and Communication Technologies (ICTs),296
GA184,Marketing and Sales,Galway-Mayo Institute of Technology,Business and administration,307
GA185,Finance and Economics,Galway-Mayo Institute of Technology,Business and administration,293
GA186,Business with Entrepreneurship,Galway-Mayo Institute of Technology,Business and administration,280
GA187,Rural Enterprise and Agri-Business,Galway-Mayo Institute of Technology,Agriculture,281
GA281,Film and Documentary,Galway-Mayo Institute of Technology,Arts,304
GA282,Heritage Studies,Galway-Mayo Institute of Technology,Social and behavioural sciences,220
GA283,Contemporary Art,Galway-Mayo Institute of Technology,Arts,679
GA284,Design,Galway-Mayo Institute of Technology,Arts,303
GA380,International Hotel Management,Galway-Mayo Institute of Technology,Personal services,242
GA381,International Tourism Management,Galway-Mayo Institute of Technology,Personal services,278
GA382,Culinary and Gastronomic Science,Galway-Mayo Institute of Technology,Manufacturing and processing,206
GA384,Event Management with Public Relations,Galway-Mayo Institute of Technology,Personal services,212
GA480,Construction Management,Galway-Mayo Institute of Technology,Architecture and construction,260
GA482,Quantity Surveying and Construction Economics,Galway-Mayo Institute of Technology,Architecture and construction,288
GA483,Architectural Technology,Galway-Mayo Institute of Technology,Architecture and construction,265
GA484,Civil Engineering,Galway-Mayo Institute of Technology,Architecture and construction,290
GA580,Software and Electronic Engineering,Galway-Mayo Institute of Technology,Engineering and engineering trades,300
GA680,Mechanical Engineering,Galway-Mayo Institute of Technology,Engineering and engineering trades,330
GA681,Energy Engineering,Galway-Mayo Institute of Technology,Engineering and engineering trades,293
GA682,Biomedical Engineering,Galway-Mayo Institute of Technology,Engineering and engineering trades,313
GA683,Agricultural Engineering,Galway-Mayo Institute of Technology,Engineering and engineering trades,309
GA684,Engineering (Common entry to Agri/Biomed/Energy/Mech Eng),Galway-Mayo Institute of Technology,Engineering and engineering trades,340
GA685,Manufacturing Engineering Design,Galway-Mayo Institute of Technology,Manufacturing and processing,309
GA780,Applied Freshwater and Marine Biology,Galway-Mayo Institute of Technology,Biological and related sciences,327
GA781,Applied Biology and Biopharmaceutical Science,Galway-Mayo Institute of Technology,Biological and related sciences,337
GA782,Chemical and Pharmaceutical Science,Galway-Mayo Institute of Technology,Environment,336
GA783,Physics and Instrumentation,Galway-Mayo Institute of Technology,Physical sciences,363
GA784,Science (Undenominated),Galway-Mayo Institute of Technology,Biological and related sciences,372
GA785,Medical Science,Galway-Mayo Institute of Technology,Health,473
GA786,Forensic Science and Analysis,Galway-Mayo Institute of Technology,Physical sciences,317
GA787,Computing in Software Development,Galway-Mayo Institute of Technology,Information and Communication Technologies (ICTs),270
GA788,Computing and Digital Media,Galway-Mayo Institute of Technology,Information and Communication Technologies (ICTs),274
GA789,Agriculture and Environmental Management,Galway-Mayo Institute of Technology,Agriculture,287
GA790,Sport and Exercise Science,Galway-Mayo Institute of Technology,Personal services,356
GA791,Public Health Nutrition,Galway-Mayo Institute of Technology,Biological and related sciences,368
GA880,General Nursing,Galway-Mayo Institute of Technology,Health,429
GA882,Psychiatric Nursing,Galway-Mayo Institute of Technology,Health,367
GA885,Outdoor Education,Galway-Mayo Institute of Technology,Personal services,252
GA887,History and Geography,Galway-Mayo Institute of Technology,Humanities (except languages),244
GA889,Applied Social Care,Galway-Mayo Institute of Technology,Welfare,266
GA890,Early Childhood Education and Care,Galway-Mayo Institute of Technology,Education,270
GA891,Geography and Outdoor Education,Galway-Mayo Institute of Technology,Environment,244
GA980,Education (Design Graphics and Construction),Galway-Mayo Institute of Technology,Education,377
GA984,"Furniture Design, Making and Technology - Common Entry",Galway-Mayo Institute of Technology,Arts,284
GC200,Business Studies,Griffith College,Business and administration,252
GC201,Accounting and Finance,Griffith College,Business and administration,303
GC230,Computing Science,Griffith College,Information and Communication Technologies (ICTs),335
GC300,Business Studies,Griffith College,Business and administration,429
GC301,Accounting & Finance,Griffith College,Business and administration,253
GC305,International Hospitality Management,Griffith College,Personal services,253
GC400,Business Studies,Griffith College,Business and administration,248
GC401,Accounting and Finance,Griffith College,Business and administration,240
GC402,Business Studies (HRM),Griffith College,Business and administration,264
GC403,Law,Griffith College,Law,244
GC407,Business Studies (Marketing),Griffith College,Business and administration,280
GC430,Computing Science,Griffith College,Information and Communication Technologies (ICTs),252
GC450,Communications and Media Production,Griffith College,Journalism and information,254
GC489,Interior Architecture (portfolio),Griffith College,Arts,254
GC494,Fashion Design (portfolio),Griffith College,Arts,337
GY101,Arts (Joint-Honours),"National University of Ireland, Galway",Arts,300
GY104,Arts (Psychology),"National University of Ireland, Galway",Social and behavioural sciences,523
GY105,Arts (History),"National University of Ireland, Galway",Humanities (except languages),301
GY107,Na Dána (Gaeilge agus Léann an Aistriúcháin),"National University of Ireland, Galway",Languages,409
GY109,Arts (Mathematics and Education),"National University of Ireland, Galway",Education,403
GY110,Arts with Children`s Studies,"National University of Ireland, Galway",Social and behavioural sciences,357
GY111,Arts with Creative Writing,"National University of Ireland, Galway",Arts,330
GY112,Arts with Film Studies,"National University of Ireland, Galway",Arts,321
GY113,Arts with Human Rights,"National University of Ireland, Galway",Social and behavioural sciences,368
GY115,Arts with Performing Arts Studies,"National University of Ireland, Galway",Arts,387
GY118,"Arts (Drama, Theatre and Performance Studies)","National University of Ireland, Galway",Arts,451
GY119,Arts (Journalism),"National University of Ireland, Galway",Journalism and information,400
GY120,"Arts (Child, Youth and Family: Policy and Practice)","National University of Ireland, Galway",Social and behavioural sciences,350
GY121,Arts (Children`s Studies),"National University of Ireland, Galway",Social and behavioural sciences,356
GY122,Na Dána (Cumarsáid agus Gaeilge),"National University of Ireland, Galway",Arts,361
GY123,Applied Social Sciences,"National University of Ireland, Galway",Social and behavioural sciences,358
GY124,Arts (Arts with Data Science),"National University of Ireland, Galway",Information and Communication Technologies (ICTs),454
GY125,Arts (Digital Arts and Technology),"National University of Ireland, Galway",Arts,328
GY126,Arts (English and Media Studies),"National University of Ireland, Galway",Languages,391
GY127,Arts (Film and Digital Media),"National University of Ireland, Galway",Arts,401
GY128,Arts (Global Languages),"National University of Ireland, Galway",Languages,352
GY129,Arts (International),"National University of Ireland, Galway",Arts,420
GY130,Arts (Music),"National University of Ireland, Galway",Arts,408
GY131,Arts (History and Globalisation Studies),"National University of Ireland, Galway",Humanities (except languages),360
GY132,"Government (Politics, Economics and Law)","National University of Ireland, Galway",Social and behavioural sciences,407
GY133,Education (Computer Science and Mathematical Studies),"National University of Ireland, Galway",Education,422
GY134,Geography and Geosystems,"National University of Ireland, Galway",Physical sciences,410
GY201,Commerce,"National University of Ireland, Galway",Business and administration,433
GY202,Commerce (International) with French,"National University of Ireland, Galway",Business and administration,484
GY203,Commerce (International) with German,"National University of Ireland, Galway",Business and administration,489
GY204,Commerce (International) with Spanish,"National University of Ireland, Galway",Business and administration,495
GY206,Business Information Systems (Work Placement & Optional Int`l Study),"National University of Ireland, Galway",Business and administration,465
GY207,Commerce (Accounting) including optional Global Experience year,"National University of Ireland, Galway",Business and administration,509
GY208,Commerce (Gaeilge),"National University of Ireland, Galway",Business and administration,473
GY209,Commerce (Global Experience),"National University of Ireland, Galway",Business and administration,530
GY250,Law and Business,"National University of Ireland, Galway",Law,487
GY251,Law (BCL),"National University of Ireland, Galway",Law,499
GY252,Law (BCL) and Human Rights,"National University of Ireland, Galway",Law,520
GY253,Law and Taxation,"National University of Ireland, Galway",Law,509
GY254,"Law (BCL), Criminology and Criminal Justice","National University of Ireland, Galway",Law,530
GY261,"Business Studies (International Hotel Management, interview)","National University of Ireland, Galway",Business and administration,497
GY262,"Commerce (International Hotel Management, interview)","National University of Ireland, Galway",Business and administration,681
GY301,Science,"National University of Ireland, Galway",Biological and related sciences,433
GY303,Biomedical Science,"National University of Ireland, Galway",Biological and related sciences,556
GY304,Biotechnology,"National University of Ireland, Galway",Engineering and engineering trades,465
GY308,Environmental Science,"National University of Ireland, Galway",Environment,408
GY309,Financial Mathematics and Economics,"National University of Ireland, Galway",Mathematics and statistics,487
GY310,Marine Science,"National University of Ireland, Galway",Physical sciences,419
GY313,Environmental Health and Safety,"National University of Ireland, Galway",Hygiene and occupational health services,412
GY314,Earth and Ocean Sciences,"National University of Ireland, Galway",Physical sciences,403
GY318,Biopharmaceutical Chemistry,"National University of Ireland, Galway",Biological and related sciences,509
GY319,Mathematical Science,"National University of Ireland, Galway",Mathematics and statistics,476
GY320,"Physics (Degree options: Applied,Astrophysics,Biomedical,Theoretical)","National University of Ireland, Galway",Physical sciences,402
GY321,Genetics and Genomics,"National University of Ireland, Galway",Biological and related sciences,508
GY350,Computer Science and Information Technology,"National University of Ireland, Galway",Information and Communication Technologies (ICTs),403
GY401,Engineering (Undenominated),"National University of Ireland, Galway",Engineering and engineering trades,465
GY402,Civil Engineering,"National University of Ireland, Galway",Architecture and construction,455
GY405,Mechanical Engineering,"National University of Ireland, Galway",Engineering and engineering trades,454
GY406,Electronic and Computer Engineering,"National University of Ireland, Galway",Engineering and engineering trades,510
GY408,Biomedical Engineering,"National University of Ireland, Galway",Engineering and engineering trades,509
GY410,Project and Construction Management,"National University of Ireland, Galway",Architecture and construction,403
GY413,Energy Systems Engineering,"National University of Ireland, Galway",Engineering and engineering trades,502
GY414,Electrical and Electronic Engineering,"National University of Ireland, Galway",Engineering and engineering trades,405
GY501,"Medicine (five year/six year course, HPAT required)","National University of Ireland, Galway",Health,728
GY502,Occupational Therapy,"National University of Ireland, Galway",Health,555
GY503,Speech and Language Therapy,"National University of Ireland, Galway",Health,543
GY504,Podiatric Medicine,"National University of Ireland, Galway",Health,443
GY515,General Nursing (Galway and Portiuncula),"National University of Ireland, Galway",Health,476
GY516,Mental Health Nursing,"National University of Ireland, Galway",Health,440
GY517,Midwifery,"National University of Ireland, Galway",Health,495
ID001,Accounting and Finance,ICD Business School,Business and administration,203
ID002,Business Studies,ICD Business School,Business and administration,294
LC110,"Art and Design (Common Entry, portfolio)",Limerick Institute of Technology,Arts,740
LC114,Fashion and Textiles for Product and Costume (portfolio),Limerick Institute of Technology,Arts,880
LC115,Art and Design Teacher Education (portfolio),Limerick Institute of Technology,Education,942
LC220,Digital Marketing,Limerick Institute of Technology,Business and administration,262
LC223,Law and Taxation,Limerick Institute of Technology,Law,307
LC224,Accounting and Finance,Limerick Institute of Technology,Business and administration,300
LC225,Marketing and Management,Limerick Institute of Technology,Business and administration,298
LC226,Enterprise and Innovation,Limerick Institute of Technology,Business and administration,234
LC233,Software Development,Limerick Institute of Technology,Information and Communication Technologies (ICTs),272
LC234,Interactive Digital Media,Limerick Institute of Technology,Information and Communication Technologies (ICTs),225
LC236,Internet Systems Development,Limerick Institute of Technology,Information and Communication Technologies (ICTs),262
LC239,Computer Networks and Systems Management,Limerick Institute of Technology,Information and Communication Technologies (ICTs),307
LC241,Construction Management,Limerick Institute of Technology,Architecture and construction,255
LC242,Property Valuation and Management,Limerick Institute of Technology,Architecture and construction,282
LC243,Quantity Surveying,Limerick Institute of Technology,Architecture and construction,294
LC248,Built Environment (Common Entry),Limerick Institute of Technology,Architecture and construction,288
LC252,Civil Engineering Management,Limerick Institute of Technology,Architecture and construction,270
LC263,Clinical Technology,Limerick Institute of Technology,Health,294
LC265,Forensic and Pharmaceutical Sciences,Limerick Institute of Technology,Physical sciences,413
LC266,Drug and Medicinal Product Analysis,Limerick Institute of Technology,Environment,262
LC275,Electrical Engineering,Limerick Institute of Technology,Engineering and engineering trades,298
LC288,Mechanical Engineering,Limerick Institute of Technology,Engineering and engineering trades,347
LC289,Precision Engineering,Limerick Institute of Technology,Engineering and engineering trades,291
LC292,Social Care Work,Limerick Institute of Technology,Welfare,367
LC293,Business Studies with Travel and Tourism Management,Limerick Institute of Technology,Personal services,307
LC294,Business Studies with Event Management,Limerick Institute of Technology,Personal services,279
LC295,Business Studies with Sports Management,Limerick Institute of Technology,Business and administration,252
LC297,Community Development,Limerick Institute of Technology,Social and behavioural sciences,235
LC320,Business,Limerick Institute of Technology,Business and administration,346
LC330,Business with Computing,Limerick Institute of Technology,Information and Communication Technologies (ICTs),297
LC340,Interior Design,Limerick Institute of Technology,Arts,350
LC362,Biotechnology and Biopharmaceutical Sciences,Limerick Institute of Technology,Biological and related sciences,413
LC371,Creative Broadcast and Film Production,Limerick Institute of Technology,Arts,309
LC372,Music Technology and Production,Limerick Institute of Technology,Arts,325
LC374,Renewable and Electrical Energy Engineering,Limerick Institute of Technology,Engineering and engineering trades,318
LC375,Industrial Automation and Robotic Systems,Limerick Institute of Technology,Engineering and engineering trades,317
LC376,Electronic Engineering,Limerick Institute of Technology,Engineering and engineering trades,318
LC380,Automotive Engineering and Transport Management,Limerick Institute of Technology,Transport services,303
LC392,Business Studies in Beauty and Spa Management,Limerick Institute of Technology,Personal services,236
LC393,Early Childhood Education and Care,Limerick Institute of Technology,Welfare,236
LC401,Early Childhood Education and Care,Limerick Institute of Technology,Welfare,297
LC402,Social Care Work,Limerick Institute of Technology,Welfare,225
LC408,Environmental Science and Climate,Limerick Institute of Technology,Environment,279
LC414,Data Analytics and Cyber Security,Limerick Institute of Technology,Information and Communication Technologies (ICTs),236
LC416,Business,Limerick Institute of Technology,Business and administration,274
LC418,Computing - Games Design and Development,Limerick Institute of Technology,Information and Communication Technologies (ICTs),270
LC422,Sports Strength and Conditioning,Limerick Institute of Technology,Personal services,298
LC434,Environmental Science and Agriculture,Limerick Institute of Technology,"Interdisciplinary programmes and qualifications involving agriculture, forestry and veterinary",297
LC502,Game Art and Design (portfolio),Limerick Institute of Technology,Information and Communication Technologies (ICTs),852
LC517,Creative Media and Design,Limerick Institute of Technology,Information and Communication Technologies (ICTs),234
LC518,Digital Animation Production (portfolio),Limerick Institute of Technology,Information and Communication Technologies (ICTs),808
LC612,Social Care Work,Limerick Institute of Technology,Welfare,320
LC613,Early Childhood Education and Care,Limerick Institute of Technology,Welfare,242
LM002,Arts,University of Limerick,Humanities (except languages),348
LM020,Law and Accounting,University of Limerick,Law,465
LM026,Performing Arts (audition required),University of Limerick,Arts,303
LM028,Criminal Justice,University of Limerick,Law,418
LM029,Law Plus,University of Limerick,Law,490
LM038,Psychology and Sociology,University of Limerick,Social and behavioural sciences,500
LM039,Journalism and Digital Communication,University of Limerick,Journalism and information,402
LM040,European Studies,University of Limerick,Humanities (except languages),369
LM044,Applied Languages,University of Limerick,Languages,442
LM050,Business Studies (options),University of Limerick,Business and administration,431
LM056,International Business,University of Limerick,Business and administration,528
LM058,Financial Mathematics,University of Limerick,Mathematics and statistics,403
LM063,Technology Management,University of Limerick,Information and Communication Technologies (ICTs),379
LM068,Food Science and Health,University of Limerick,Manufacturing and processing,421
LM076,Product Design and Technology (portfolio required),University of Limerick,Manufacturing and processing,408
LM077,Aeronautical Engineering,University of Limerick,Engineering and engineering trades,520
LM082,Construction Management and Engineering,University of Limerick,Manufacturing and processing,398
LM089,Sport and Exercise Sciences,University of Limerick,Personal services,474
LM090,Physical Education with concurrent Teacher Education,University of Limerick,Education,532
LM091,Languages with concurrent Teacher Education,University of Limerick,Education,517
LM092,Science with Teacher Ed (Biology with Physics/Chemistry/Ag Science),University of Limerick,Education,507
LM093,Equine Science,University of Limerick,Biological and related sciences,339
LM094,Materials and Architectural Technology with concurrent Teacher Education,University of Limerick,Education,440
LM095,Materials and Engineering Technology with concurrent Teacher Education,University of Limerick,Education,367
LM096,Science with Teacher Ed (Physical Sciences with Chemistry and Physics),University of Limerick,Education,405
LM097,Mathematics and Computer Science with concurrent Teacher Education,University of Limerick,Mathematics and statistics,402
LM099,Architecture (portfolio requirement suspended),University of Limerick,Architecture and construction,498
LM100,Physiotherapy,University of Limerick,Health,589
LM101,Medicine  - Graduate Entry (GAMSAT required),University of Limerick,Health,55
LM102,Psychology,University of Limerick,Social and behavioural sciences,509
LM103,Paramedic Studies (B/C1/C1 Provisional Drivers Licence),University of Limerick,Health,392
LM115,Chemical and Biochemical Engineering,University of Limerick,Physical sciences,454
LM116,Engineering (Biomedical/Civil/Design and Manufacture/Mechanical),University of Limerick,Engineering and engineering trades,476
LM118,Electronic and Computer Engineering,University of Limerick,Engineering and engineering trades,403
LM121,Computer Science (Computer Systems/Games Dev/Mobile Comm Security),University of Limerick,Information and Communication Technologies (ICTs),351
LM122,Creative Media and Interaction Design (Digital Design/Music Media Tech),University of Limerick,Information and Communication Technologies (ICTs),327
LM123,Biological & Chemical Sciences (Biosci/Envir Sci/Ind Bio/IndPharma Chem),University of Limerick,Biological and related sciences,441
LM124,Mathematics (Math Science/Maths and Physics/Economics and Maths),University of Limerick,Mathematics and statistics,437
LM125,Physics (Applied Physics or Mathematics & Physics),University of Limerick,Physical sciences,404
LM150,General Nursing,University of Limerick,Health,475
LM152,Mental Health Nursing,University of Limerick,Health,419
LM154,Intellectual Disability Nursing,University of Limerick,Health,420
LM156,Midwifery,University of Limerick,Health,469
LY108,Business - Accounting,Letterkenny Institute of Technology,Business and administration,309
LY118,Business,Letterkenny Institute of Technology,Business and administration,290
LY208,Law,Letterkenny Institute of Technology,Law,300
LY228,Sports and Exercise - Common Entry,Letterkenny Institute of Technology,Personal services,300
LY408,Design - Common Entry,Letterkenny Institute of Technology,Arts,320
LY508,Fire Safety Engineering,Letterkenny Institute of Technology,Architecture and construction,276
LY518,Quantity Surveying,Letterkenny Institute of Technology,Architecture and construction,301
LY528,Construction Management,Letterkenny Institute of Technology,Architecture and construction,271
LY608,Mechanical Engineering,Letterkenny Institute of Technology,Engineering and engineering trades,300
LY618,Electronic Engineering,Letterkenny Institute of Technology,Engineering and engineering trades,312
LY708,Applied Computing,Letterkenny Institute of Technology,Information and Communication Technologies (ICTs),306
LY748,Computer Science,Letterkenny Institute of Technology,Information and Communication Technologies (ICTs),317
LY818,Science - Common Entry,Letterkenny Institute of Technology,Biological and related sciences,303
LY828,Agriculture - Common Entry,Letterkenny Institute of Technology,Agriculture,307
LY908,General Nursing,Letterkenny Institute of Technology,Health,400
LY918,Psychiatric Nursing,Letterkenny Institute of Technology,Health,357
LY928,Intellectual Disability Nursing,Letterkenny Institute of Technology,Health,326
LY968,"Early Childhood Care, Health and Education",Letterkenny Institute of Technology,Welfare,303
LY978,Health & Social Care - Common Entry,Letterkenny Institute of Technology,Health,280
MH001,Education - Primary Teaching (Froebel),Maynooth University,Education,507
MH101,Arts,Maynooth University,Humanities (except languages),318
MH103,Music,Maynooth University,Arts,#
MH106,Psychology - 3 years,Maynooth University,Social and behavioural sciences,521
MH107,Social Science,Maynooth University,Social and behavioural sciences,346
MH109,Media Studies,Maynooth University,Arts,316
MH116,Community and Youth Work (Full-Time),Maynooth University,Welfare,#
MH201,Science,Maynooth University,"Interdisciplinary programmes and qualifications involving natural sciences, Mathematics and statistics",360
MH202,Biotechnology,Maynooth University,Biological and related sciences,455
MH203,Biological and Geographical Sciences,Maynooth University,Biological and related sciences,430
MH204,Physics with Astrophysics,Maynooth University,Physical sciences,422
MH206,Theoretical Physics and Mathematics,Maynooth University,Mathematics and statistics,510
MH207,Data Science,Maynooth University,Information and Communication Technologies (ICTs),445
MH208,Biological and Biomedical Sciences,Maynooth University,Biological and related sciences,498
MH209,Psychology (through Science) - 4 years,Maynooth University,Social and behavioural sciences,498
MH210,Pharmaceutical and Biomedical Chemistry,Maynooth University,Physical sciences,487
MH212,Science or Maths & Computer Science or Maths & Applied Maths (with Ed),Maynooth University,"Interdisciplinary programmes and qualifications involving natural sciences, Mathematics and statistics",422
MH304,Engineering (Computer/Electronic/Communications),Maynooth University,Engineering and engineering trades,333
MH305,Product Design,Maynooth University,Engineering and engineering trades,357
MH306,Robotics and Intelligent Devices,Maynooth University,Engineering and engineering trades,361
MH401,Finance (options),Maynooth University,Business and administration,357
MH402,Quantitative Finance,Maynooth University,Business and administration,476
MH403,Accounting and Finance,Maynooth University,Business and administration,422
MH404,Business (options),Maynooth University,Business and administration,430
MH405,Equine Business,Maynooth University,Business and administration,357
MH407,Business and Accounting,Maynooth University,Business and administration,420
MH411,Entrepreneurship,Maynooth University,Business and administration,371
MH501,LLB Law - four year Single Major Law programme,Maynooth University,Law,473
MH502,Law (options),Maynooth University,Law,451
MH601,Computer Science through Arts (options),Maynooth University,Information and Communication Technologies (ICTs),352
MH602,Computer Science through Science (options),Maynooth University,Information and Communication Technologies (ICTs),351
MH603,Computational Thinking,Maynooth University,Information and Communication Technologies (ICTs),532
MH801,Early Childhood - Teaching and Learning (part-time),Maynooth University,Education,327
MH802,"Community and Youth Work (part-time, in service)",Maynooth University,Welfare,#
MH803,"Local Studies/Community Studies (part-time, evening) - Mature Students",Maynooth University,Social and behavioural sciences,#
MI001,Contemporary & Applied Theatre Studies,Mary Immaculate College,Arts,375
MI002,Arts,Mary Immaculate College,Arts,300
MI004,Education - Primary Teaching - International,Mary Immaculate College,Education,577
MI005,Education - Primary Teaching,Mary Immaculate College,Education,495
MI006,Education - Primary Teaching - Gaeltacht Applicants,Mary Immaculate College,Education,456
MI007,Early Childhood Care and Education,Mary Immaculate College,Education,357
MI008,Education and Psychology - Primary Teaching,Mary Immaculate College,Education,588
MI009,"Education, Business Studies and Accounting",Mary Immaculate College,Education,402
MI010,"Education, Business Studies and Religious Studies",Mary Immaculate College,Education,368
MI011,"Education, Gaeilge and Religious Studies",Mary Immaculate College,Education,409
MI012,"Education, Gaeilge and Business Studies",Mary Immaculate College,Education,401
MI013,"Education, Mathematics and Gaeilge",Mary Immaculate College,Education,444
MI014,"Education, Mathematics and Business Studies",Mary Immaculate College,Education,434
MU001,Theology and Arts,"Pontifical University, St Patrick's College",Interdisciplinary programmes and qualifications involving arts and humanities,290
MU002,Theology,"Pontifical University, St Patrick's College",Interdisciplinary programmes and qualifications involving arts and humanities,440
NC003,Computing (Degree Award options),National College of Ireland (NCI),Information and Communication Technologies (ICTs),260
NC005,Human Resource Management,National College of Ireland (NCI),Business and administration,300
NC009,Business,National College of Ireland (NCI),Business and administration,300
NC010,Psychology,National College of Ireland (NCI),Social and behavioural sciences,400
NC020,Marketing Practice,National College of Ireland (NCI),Business and administration,280
NC022,Accounting and Finance,National College of Ireland (NCI),Business and administration,337
NC023,Technology Management (with specialisations),National College of Ireland (NCI),Information and Communication Technologies (ICTs),261
NM801,Montessori Education,St Nicholas Montessori College Ireland,Education,220
PC405,"Social, Political and Community Studies","Carlow College, St. Patrick`s",Social and behavioural sciences,253
PC410,Arts and Humanities (fulfils Teaching Council requirements),"Carlow College, St. Patrick`s",Humanities (except languages),252
PC411,English and History (fulfils Teaching Council requirements),"Carlow College, St. Patrick`s",Humanities (except languages),255
RC001,Medicine - Undergraduate Entry (HPAT required),RCSI University of Medicine & Health Sciences,Health,733
RC004,Physiotherapy,RCSI University of Medicine & Health Sciences,Health,566
RC005,Pharmacy,RCSI University of Medicine & Health Sciences,Health,579
SG141,Business,"Institute of Technology, Sligo",Business and administration,261
SG142,Business in International Marketing and Languages (French),"Institute of Technology, Sligo",Business and administration,279
SG144,Business in International Marketing and Languages (Spanish),"Institute of Technology, Sligo",Business and administration,270
SG146,Accounting,"Institute of Technology, Sligo",Business and administration,309
SG147,Sport with Business,"Institute of Technology, Sligo",Personal services,307
SG148,Tourism with Event Management,"Institute of Technology, Sligo",Personal services,269
SG241,Performing Arts,"Institute of Technology, Sligo",Arts,328
SG242,Early Childhood Care and Education,"Institute of Technology, Sligo",Welfare,279
SG243,Social Care Practice,"Institute of Technology, Sligo",Welfare,301
SG244,Fine Art,"Institute of Technology, Sligo",Arts,505
SG245,Creative Design,"Institute of Technology, Sligo",Arts,282
SG246,Computing,"Institute of Technology, Sligo",Information and Communication Technologies (ICTs),290
SG247,English and Psychology,"Institute of Technology, Sligo",Social and behavioural sciences,309
SG248,Sociology and Politics,"Institute of Technology, Sligo",Social and behavioural sciences,281
SG249,Writing and Literature,"Institute of Technology, Sligo",Languages,297
SG250,Application Design and User Experience,"Institute of Technology, Sligo",Information and Communication Technologies (ICTs),412
SG251,Computing (Smart Technologies),"Institute of Technology, Sligo",Information and Communication Technologies (ICTs),327
SG252,Software Development,"Institute of Technology, Sligo",Information and Communication Technologies (ICTs),307
SG253,Computer Networks and Cloud Infrastructure,"Institute of Technology, Sligo",Information and Communication Technologies (ICTs),324
SG254,Writing and Literature Online,"Institute of Technology, Sligo",Languages,225
SG342,Civil Engineering,"Institute of Technology, Sligo",Architecture and construction,415
SG343,Quantity Surveying,"Institute of Technology, Sligo",Architecture and construction,311
SG346,Construction Project Management and Applied Technology,"Institute of Technology, Sligo",Architecture and construction,291
SG347,Architecture,"Institute of Technology, Sligo",Architecture and construction,360
SG348,Interior Architecture and Design,"Institute of Technology, Sligo",Architecture and construction,316
SG442,Occupational Safety and Health,"Institute of Technology, Sligo",Hygiene and occupational health services,290
SG443,Human Nutrition,"Institute of Technology, Sligo",Health,356
SG444,Science Undenominated,"Institute of Technology, Sligo",Biological and related sciences,338
SG445,Pharmaceutical Science with Drug Development,"Institute of Technology, Sligo",Physical sciences,311
SG447,Health Science and Physical Activity,"Institute of Technology, Sligo",Health,328
SG448,Forensic Investigation and Analysis,"Institute of Technology, Sligo",Biological and related sciences,306
SG449,Medical Biotechnology,"Institute of Technology, Sligo",Health,341
SG450,Environmental Science with Ecology (Level 8),"Institute of Technology, Sligo",Environment,300
TL801,"Animation, Visual Effects and Motion Design (Level 8)","Institute of Technology, Tralee",Arts,281
TL802,"TV, Radio and New Media (Level 8)","Institute of Technology, Tralee",Arts,325
TL810,Computing with Software Development,"Institute of Technology, Tralee",Information and Communication Technologies (ICTs),310
TL811,Computing with Games Development,"Institute of Technology, Tralee",Information and Communication Technologies (ICTs),358
TL815,Computing (Degree Award options),"Institute of Technology, Tralee",Information and Communication Technologies (ICTs),308
TL823,Event Management (3 year programme),"Institute of Technology, Tralee",Personal services,299
TL831,Business Studies (Major Specialism in: Acctng or Mktg or Mgmnt),"Institute of Technology, Tralee",Business and administration,306
TL844,Agricultural Engineering,"Institute of Technology, Tralee","Interdisciplinary programmes and qualifications involving agriculture, forestry and veterinary",300
TL845,Civil Engineering,"Institute of Technology, Tralee",Architecture and construction,325
TL847,Manufacturing Engineering,"Institute of Technology, Tralee",Manufacturing and processing,302
TL848,Agricultural Science,"Institute of Technology, Tralee","Interdisciplinary programmes and qualifications involving agriculture, forestry and veterinary",308
TL851,Wildlife Biology (Degree Award options),"Institute of Technology, Tralee",Environment,309
TL855,Pharmaceutical Science (Degree Award options),"Institute of Technology, Tralee",Health,317
TL858,Veterinary Bioscience,"Institute of Technology, Tralee",Veterinary,308
TL871,Health and Leisure (Degree Award options),"Institute of Technology, Tralee",Personal services,300
TL872,Health and Leisure with Massage,"Institute of Technology, Tralee",Personal services,309
TL873,Coaching and Sports Performance,"Institute of Technology, Tralee",Personal services,289
TL880,Early Childhood Care and Education,"Institute of Technology, Tralee",Welfare,307
TL881,Social Care,"Institute of Technology, Tralee",Welfare,308
TL890,General Nursing and Mature Applicants,"Institute of Technology, Tralee",Health,440
TL891,Mental Health Nursing and Mature Applicants,"Institute of Technology, Tralee",Health,389
TR002,Music,Trinity College Dublin,Arts,435
TR003,History,Trinity College Dublin,Humanities (except languages),497
TR004,Law,Trinity College Dublin,Law,566
TR005,Philosophy,Trinity College Dublin,Humanities (except languages),442
TR006,Psychology,Trinity College Dublin,Social and behavioural sciences,567
TR007,Clinical Speech and Language Studies,Trinity College Dublin,Health,529
TR009,Music Education,Trinity College Dublin,Education,420
TR012,History and Political Science,Trinity College Dublin,Humanities (except languages),555
TR015,"Philosophy, Political Science, Economics and Sociology",Trinity College Dublin,Social and behavioural sciences,589
TR016,Deaf Studies,Trinity College Dublin,Languages,340
TR017,Law and Business,Trinity College Dublin,Law,602
TR018,Law and French,Trinity College Dublin,Law,565
TR019,Law and German,Trinity College Dublin,Law,543
TR020,Law and Political Science,Trinity College Dublin,Law,602
TR021,"Classics, Ancient History and Archaeology",Trinity College Dublin,Humanities (except languages),370
TR022,Early and Modern Irish,Trinity College Dublin,Languages,398
TR023,English Studies,Trinity College Dublin,Languages,487
TR024,European Studies,Trinity College Dublin,Humanities (except languages),544
TR025,Drama and Theatre Studies,Trinity College Dublin,Arts,564
TR028,Ancient and Medieval History and Culture,Trinity College Dublin,Humanities (except languages),342
TR029,Political Science and Geography,Trinity College Dublin,Social and behavioural sciences,526
TR031,Mathematics,Trinity College Dublin,Mathematics and statistics,531
TR032,Engineering,Trinity College Dublin,Engineering and engineering trades,510
TR033,Computer Science,Trinity College Dublin,Information and Communication Technologies (ICTs),509
TR034,Management Science and Information Systems Studies,Trinity College Dublin,Business and administration,613
TR035,Theoretical Physics,Trinity College Dublin,Physical sciences,543
TR038,Engineering with Management,Trinity College Dublin,Engineering and engineering trades,532
TR039,Computer Science and Language,Trinity College Dublin,Information and Communication Technologies (ICTs),454
TR040,Middle Eastern and European Languages and Cultures,Trinity College Dublin,Languages,466
TR041,Religion,Trinity College Dublin,Humanities (except languages),368
TR042,Film,Trinity College Dublin,Arts,489
TR043,History of Art and Architecture,Trinity College Dublin,Humanities (except languages),393
TR051,Medicine (HPAT required),Trinity College Dublin,Health,735
TR052,Dental Science,Trinity College Dublin,Health,613
TR053,Physiotherapy,Trinity College Dublin,Health,566
TR054,Occupational Therapy,Trinity College Dublin,Health,533
TR055,Radiation Therapy,Trinity College Dublin,Health,543
TR056,Human Health and Disease,Trinity College Dublin,Health,565
TR060,Biological and Biomedical Sciences,Trinity College Dublin,Biological and related sciences,543
TR061,Chemical Sciences,Trinity College Dublin,Physical sciences,517
TR062,Geography and Geoscience,Trinity College Dublin,Physical sciences,473
TR063,Physical Sciences,Trinity College Dublin,Physical sciences,498
TR072,Pharmacy,Trinity College Dublin,Health,590
TR080,Global Business,Trinity College Dublin,Business and administration,589
TR081,"Business, Economic and Social Studies (BESS)",Trinity College Dublin,Social and behavioural sciences,543
TR082,Computer Science and Business,Trinity College Dublin,Business and administration,555
TR083,Sociology and Social Policy,Trinity College Dublin,Social and behavioural sciences,498
TR084,Social Studies (Social Work),Trinity College Dublin,Welfare,462
TR085,Business Studies and French,Trinity College Dublin,Business and administration,540
TR086,Business Studies and German,Trinity College Dublin,Business and administration,509
TR087,Business Studies and Russian,Trinity College Dublin,Business and administration,474
TR089,Business Studies and Polish,Trinity College Dublin,Business and administration,444
TR090,Business Studies and Spanish,Trinity College Dublin,Business and administration,531
TR091,General Nursing (Meath and St James`s),Trinity College Dublin,Health,429
TR093,General Nursing (Adelaide School of Nursing),Trinity College Dublin,Health,430
TR095,Mental Health Nursing,Trinity College Dublin,Health,408
TR097,Intellectual Disability Nursing,Trinity College Dublin,Health,396
TR111,Ancient History and Archaeology/Geography,Trinity College Dublin,Arts,352
TR112,Ancient History and Archaeology/History,Trinity College Dublin,Arts,529
TR113,Ancient History and Archaeology/History of Art and Architecture,Trinity College Dublin,Arts,337
TR114,Ancient History and Archaeology/Modern Language,Trinity College Dublin,Arts,337
TR117,Ancient History and Archaeology/Religion,Trinity College Dublin,Arts,342
TR166,Classical Civilisation/English Literature,Trinity College Dublin,Arts,498
TR173,Classical Civilisation/History of Art and Architecture,Trinity College Dublin,Arts,335
TR177,Classical Civilisation/Modern Language,Trinity College Dublin,Arts,335
TR179,Classical Civilisation/Philosophy,Trinity College Dublin,Arts,499
TR198,Economics/Geography,Trinity College Dublin,Arts,534
TR202,Economics/History,Trinity College Dublin,Arts,534
TR207,Economics/Mathematics,Trinity College Dublin,Arts,566
TR208,Economics/Modern Language,Trinity College Dublin,Arts,534
TR209,Economics/Philosophy,Trinity College Dublin,Arts,534
TR212,Economics/Sociology,Trinity College Dublin,Arts,534
TR228,Classical Languages/English Literature,Trinity College Dublin,Interdisciplinary programmes and qualifications involving arts and humanities,498
TR231,Classical Languages/History of Art and Architecture,Trinity College Dublin,Interdisciplinary programmes and qualifications involving arts and humanities,349
TR233,"Classical Languages/Middle Eastern,Jewish and Islamic Civilisations",Trinity College Dublin,Interdisciplinary programmes and qualifications involving arts and humanities,349
TR239,Classical Languages/Modern Language,Trinity College Dublin,Arts,349
TR262,English Literature/History,Trinity College Dublin,Arts,529
TR263,English Literature/History of Art and Architecture,Trinity College Dublin,Arts,498
TR269,English Literature/Philosophy,Trinity College Dublin,Arts,499
TR272,English Literature/Sociology,Trinity College Dublin,Arts,498
TR276,English Literature/Drama Studies,Trinity College Dublin,Arts,#498
TR277,English Literature/Modern Language,Trinity College Dublin,Arts,498
TR311,Film/Drama Studies,Trinity College Dublin,Arts,#521
TR312,Film/English Literature,Trinity College Dublin,Arts,521
TR320,Film/Music,Trinity College Dublin,Arts,521
TR322,Geography/History,Trinity College Dublin,Arts,529
TR323,Drama Studies/Modern Language,Trinity College Dublin,Arts,#473
TR324,Film/Modern Language,Trinity College Dublin,Arts,521
TR325,Film/History,Trinity College Dublin,Arts,529
TR326,Geography/Modern Language,Trinity College Dublin,Arts,352
TR332,Geography/Sociology,Trinity College Dublin,Arts,498
TR443,History/History of Art and Architecture,Trinity College Dublin,Arts,529
TR447,History/Modern Language,Trinity College Dublin,Arts,529
TR449,History/Philosophy,Trinity College Dublin,Arts,529
TR452,History/Sociology,Trinity College Dublin,Arts,529
TR454,History/Religion,Trinity College Dublin,Arts,529
TR455,History of Art and Architecture/Modern Language,Trinity College Dublin,Arts,334
TR479,History of Art and Architecture/Philosophy,Trinity College Dublin,Arts,499
TR547,"Middle Eastern,Jewish and Islamic Civ./Ancient History and Archaeology",Trinity College Dublin,Arts,337
TR548,"Middle Eastern,Jewish and Islamic Civilisations/Classical Civilisation",Trinity College Dublin,Arts,335
TR554,"Middle Eastern,Jewish and Islamic Civilisations/History",Trinity College Dublin,Arts,529
TR563,"Middle Eastern,Jewish and Islamic Civilisations/Modern Language",Trinity College Dublin,Arts,335
TR565,"Middle Eastern,Jewish and Islamic Civilisations/Religion",Trinity College Dublin,Arts,342
TR597,Mathematics/Modern Language,Trinity College Dublin,Arts,566
TR598,Mathematics/Music,Trinity College Dublin,Arts,566
TR599,Mathematics/Philosophy,Trinity College Dublin,Arts,566
TR629,Music/Philosophy,Trinity College Dublin,Arts,499
TR635,Music/Drama Studies,Trinity College Dublin,Arts,#473
TR636,Music/Modern Language,Trinity College Dublin,Arts,388
TR638,Music/Religion,Trinity College Dublin,Arts,388
TR639,Philosophy/Modern Language,Trinity College Dublin,Arts,499
TR662,Philosophy/Sociology,Trinity College Dublin,Arts,499
TR663,Religion/Classical Civilisation,Trinity College Dublin,Arts,342
TR664,Religion/English Literature,Trinity College Dublin,Arts,498
TR665,Religion/History of Art and Architecture,Trinity College Dublin,Arts,342
TR667,French/Modern Language,Trinity College Dublin,Arts,403
TR668,German/Modern Language,Trinity College Dublin,Arts,389
TR669,Irish/Modern Language,Trinity College Dublin,Arts,368
TR670,Italian/Modern Language,Trinity College Dublin,Arts,381
TR671,Russian/Modern Language,Trinity College Dublin,Arts,332
TR672,Spanish/Modern Language,Trinity College Dublin,Arts,336
TR755,Sociology/Drama Studies,Trinity College Dublin,Arts,#498
TR756,Sociology/Modern Language,Trinity College Dublin,Arts,498
TR911,Children`s and General Nursing (Integrated),Trinity College Dublin,Health,511
TR913,Midwifery,Trinity College Dublin,Health,478
TU801,Biomedical Design,Technological University Dublin,Engineering and engineering trades,235
TU802,Electrical Services and Energy Management,Technological University Dublin,Engineering and engineering trades,317
TU803,Electronic Engineering,Technological University Dublin,Engineering and engineering trades,243
TU804,Engineering (Common Entry with Award options),Technological University Dublin,Engineering and engineering trades,271
TU805,Engineering (General Entry),Technological University Dublin,Engineering and engineering trades,402
TU806,Sustainable Energy Engineering,Technological University Dublin,Engineering and engineering trades,262
TU807,Computer Engineering in Mobile Systems,Technological University Dublin,Engineering and engineering trades,276
TU808,Engineering Software,Technological University Dublin,Engineering and engineering trades,260
TU809,Mechanical Engineering,Technological University Dublin,Engineering and engineering trades,235
TU810,Mechatronic Engineering,Technological University Dublin,Engineering and engineering trades,270
TU811,Product Design,Technological University Dublin,Arts,411
TU812,"Design,Technology and Innovation",Technological University Dublin,Manufacturing and processing,270
TU813,Automation Engineering,Technological University Dublin,Engineering and engineering trades,218
TU814,Transport Operations and Technology,Technological University Dublin,Transport services,285
TU831,Architectural Technology,Technological University Dublin,Architecture and construction,410
TU832,Architecture (Suitability Test and Interview),Technological University Dublin,Architecture and construction,622
TU833,Construction Management,Technological University Dublin,Architecture and construction,367
TU834,Geographic Science,Technological University Dublin,Architecture and construction,288
TU835,Planning and Environmental Management,Technological University Dublin,Architecture and construction,313
TU836,Property Economics (Valuation Surveying),Technological University Dublin,Architecture and construction,401
TU837,Quantity Surveying and Construction Economics,Technological University Dublin,Architecture and construction,385
TU851,Analytical Chemistry (Environmental Forensic and Pharmaceutical),Technological University Dublin,Environment,349
TU852,Chemical Sciences with Medicinal Chemistry,Technological University Dublin,Physical sciences,476
TU854,Science (General Entry),Technological University Dublin,Biological and related sciences,476
TU855,Science with Nanotechnology,Technological University Dublin,Physical sciences,331
TU856,Computer Science,Technological University Dublin,Information and Communication Technologies (ICTs),476
TU857,Computer Science (Infrastructure),Technological University Dublin,Information and Communication Technologies (ICTs),391
TU858,Computer Science (International),Technological University Dublin,Information and Communication Technologies (ICTs),377
TU859,Computing,Technological University Dublin,Information and Communication Technologies (ICTs),217
TU860,Computing (Information Technology),Technological University Dublin,Information and Communication Technologies (ICTs),260
TU861,Computing with Language (French/German/Spanish),Technological University Dublin,Information and Communication Technologies (ICTs),308
TU862,Computing with Data Analytics,Technological University Dublin,Information and Communication Technologies (ICTs),226
TU863,Digital Forensics and Cyber Security,Technological University Dublin,Information and Communication Technologies (ICTs),280
TU864,DNA and Forensic Analysis,Technological University Dublin,Biological and related sciences,400
TU865,Computing with IT Management,Technological University Dublin,Information and Communication Technologies (ICTs),226
TU866,Biomedical and Molecular Diagnostics,Technological University Dublin,Health,487
TU867,Biomedical Science,Technological University Dublin,Health,524
TU868,Clinical Measurement Science,Technological University Dublin,Health,510
TU869,Environmental Health,Technological University Dublin,Hygiene and occupational health services,336
TU870,Human Nutrition and Dietetics,Technological University Dublin,Health,578
TU871,Optometry,Technological University Dublin,Health,509
TU872,Public Health Nutrition,Technological University Dublin,Biological and related sciences,491
TU873,Industrial Mathematics,Technological University Dublin,Mathematics and statistics,250
TU874,Mathematical Sciences,Technological University Dublin,Mathematics and statistics,341
TU875,Pharmaceutical Healthcare,Technological University Dublin,Biological and related sciences,400
TU876,Pharmaceutical Science,Technological University Dublin,Biological and related sciences,377
TU877,Physics Technology,Technological University Dublin,Physical sciences,308
TU878,Physics with Energy and Environment,Technological University Dublin,Physical sciences,337
TU879,Physics with Medical Physics and Bioengineering,Technological University Dublin,Health,351
TU880,Physics with Data Science,Technological University Dublin,Physical sciences,578
TU881,Food Innovation,Technological University Dublin,Manufacturing and processing,318
TU882,Nutraceuticals in Health and Nutrition,Technological University Dublin,Biological and related sciences,397
TU901,Business,Technological University Dublin,Business and administration,270
TU902,Business (Common Entry with Award options),Technological University Dublin,Business and administration,271
TU903,Business and Management,Technological University Dublin,Business and administration,463
TU904,Business and Law,Technological University Dublin,Business and administration,462
TU905,Economics and Finance,Technological University Dublin,Social and behavioural sciences,465
TU906,Human Resource Management,Technological University Dublin,Business and administration,395
TU907,Logistics and Supply Chain Management,Technological University Dublin,Business and administration,300
TU908,Management,Technological University Dublin,Business and administration,262
TU909,Accounting and Finance,Technological University Dublin,Business and administration,285
TU910,Accounting and Finance,Technological University Dublin,Business and administration,444
TU911,Accounting and Finance,Technological University Dublin,Business and administration,209
TU912,Business Analytics,Technological University Dublin,Information and Communication Technologies (ICTs),330
TU913,Business and Information Technology,Technological University Dublin,Business and administration,252
TU914,Business Computing,Technological University Dublin,Information and Communication Technologies (ICTs),324
TU915,International Business,Technological University Dublin,Business and administration,252
TU916,International Business,Technological University Dublin,Business and administration,235
TU917,Law (LLB ) with a Language,Technological University Dublin,Law,342
TU918,Law (LLB),Technological University Dublin,Law,451
TU919,Advertising and Marketing Communications,Technological University Dublin,Business and administration,228
TU920,Digital Marketing,Technological University Dublin,Business and administration,270
TU921,Digital Marketing Technologies,Technological University Dublin,Business and administration,212
TU922,Marketing,Technological University Dublin,Business and administration,418
TU923,Marketing Management,Technological University Dublin,Business and administration,228
TU924,E-Commerce in Retailing,Technological University Dublin,Business and administration,307
TU925,Retail and Services Management,Technological University Dublin,Business and administration,301
TU935,Sports Management and Coaching,Technological University Dublin,Personal services,300
TU936,Sports Science and Health,Technological University Dublin,Biological and related sciences,410
TU941,Botanical Cuisine,Technological University Dublin,Personal services,249
TU942,Culinary Arts,Technological University Dublin,Personal services,212
TU943,Culinary Entrepreneurship,Technological University Dublin,Personal services,278
TU944,Culinary Science,Technological University Dublin,Personal services,316
TU951,International Hospitality and Tourism Management,Technological University Dublin,Personal services,184
TU952,International Hospitality Management,Technological University Dublin,Personal services,300
TU953,Tourism and Digital Marketing,Technological University Dublin,Personal services,290
TU954,Event Management,Technological University Dublin,Personal services,356
TU955,Sports & Leisure Management,Technological University Dublin,Personal services,217
TU961,Commercial Modern Music,Technological University Dublin,Arts,608
TU962,Drama (Performance),Technological University Dublin,Arts,379
TU963,Music,Technological University Dublin,Arts,416
TU965,International Business and Languages,Technological University Dublin,Business and administration,356
TU966,Languages and English Studies,Technological University Dublin,Languages,366
TU967,Languages and International Tourism,Technological University Dublin,Arts,308
TU971,Contemporary Visual Culture,Technological University Dublin,Arts,290
TU972,Creative and Cultural Industries,Technological University Dublin,Arts,281
TU973,Design - Visual Communication,Technological University Dublin,Arts,717
TU974,Fine Art,Technological University Dublin,Arts,709
TU975,Interior Design,Technological University Dublin,Arts,632
TU976,Photography,Technological University Dublin,Arts,695
TU981,Creative Digital Media,Technological University Dublin,Arts,280
TU982,Creative Digital Media,Technological University Dublin,Arts,320
TU983,Film and Broadcasting,Technological University Dublin,Arts,456
TU984,Game Design,Technological University Dublin,Information and Communication Technologies (ICTs),381
TU985,Journalism,Technological University Dublin,Journalism and information,322
TU986,Print Media Technology and Management,Technological University Dublin,Business and administration,289
TU991,Applied Social Studies in Social Care,Technological University Dublin,Welfare,325
TU992,Community and Youth Development,Technological University Dublin,Social and behavioural sciences,251
TU993,Early Childhood Care and Education,Technological University Dublin,Welfare,270
TU994,Early Childhood Care and Education,Technological University Dublin,Welfare,321
TU995,Early Childhood Education,Technological University Dublin,Education,367
TU996,Social Care,Technological University Dublin,Social and behavioural sciences,400
TU997,Applied Social Care,Technological University Dublin,Welfare,310
WD001,Applied Computing (options),Waterford Institute of Technology,Information and Communication Technologies (ICTs),260
WD002,Science (options),Waterford Institute of Technology,Physical sciences,308
WD005,Health Sciences (options),Waterford Institute of Technology,Health,280
WD006,Exercise Sciences (options),Waterford Institute of Technology,Personal services,280
WD007,Engineering (options),Waterford Institute of Technology,Engineering and engineering trades,288
WD025,Construction Management and Engineering,Waterford Institute of Technology,Architecture and construction,269
WD027,Music,Waterford Institute of Technology,Arts,262
WD048,Business (options),Waterford Institute of Technology,Business and administration,271
WD084,Accounting,Waterford Institute of Technology,Business and administration,308
WD091,Hospitality Management,Waterford Institute of Technology,Personal services,228
WD116,General Nursing,Waterford Institute of Technology,Health,422
WD117,Psychiatric Nursing,Waterford Institute of Technology,Health,366
WD120,Intellectual Disability Nursing,Waterford Institute of Technology,Health,377
WD134,International Business,Waterford Institute of Technology,Business and administration,290
WD137,Design (Visual Communications),Waterford Institute of Technology,Arts,271
WD140,Laws,Waterford Institute of Technology,Law,280
WD144,Architecture,Waterford Institute of Technology,Architecture and construction,284
WD147,Pharmaceutical Science,Waterford Institute of Technology,Physical sciences,293
WD149,Early Childhood Studies,Waterford Institute of Technology,Welfare,271
WD150,Criminal Justice Studies,Waterford Institute of Technology,Law,270
WD152,Visual Art,Waterford Institute of Technology,Arts,AQA
WD161,Computer Forensics and Security,Waterford Institute of Technology,Information and Communication Technologies (ICTs),255
WD162,Quantity Surveying,Waterford Institute of Technology,Architecture and construction,216
WD163,Psychology,Waterford Institute of Technology,Social and behavioural sciences,434
WD186,Sports Coaching and Performance,Waterford Institute of Technology,Personal services,270
WD187,Social Science,Waterford Institute of Technology,Welfare,272
WD191,Agricultural Science,Waterford Institute of Technology,Agriculture,377
WD192,Social Care Practice,Waterford Institute of Technology,Welfare,270
WD193,Marketing and Digital Media,Waterford Institute of Technology,Business and administration,271
WD194,Culinary Arts,Waterford Institute of Technology,Personal services,217
WD195,Architectural and Building Information Modelling Technology,Waterford Institute of Technology,Architecture and construction,279
WD200,Arts (options),Waterford Institute of Technology,Arts,AQA
WD210,Software Systems Development,Waterford Institute of Technology,Information and Communication Technologies (ICTs),279
WD211,Creative Computing,Waterford Institute of Technology,Information and Communication Technologies (ICTs),271
WD212,Recreation and Sport Management,Waterford Institute of Technology,Personal services,270
WD230,Mechanical and Manufacturing Engineering,Waterford Institute of Technology,Engineering and engineering trades,253
